"","city","region","year","season","attendance","arrests","arrests_percent","post","attendance_thosand","treat","income_per_head","percent_from_income","unemployed","beer_tobacco","population","unemployed_thousand","population_thousand","arrest_vs_population"
"1","Barnsley","Yorkshire Humberside",1987,"1987/1988",168339,55,0.033,"0",168.339,"1",5614,0.293729961,3165800,1649,84300,3165.8,84.3,0.652431791221827
"2","Barnsley","Yorkshire Humberside",1988,"1988/1989",166129,21,0.013,"0",166.129,"1",6021,0.287825943,2626200,1733,84466,2626.2,84.466,0.248620746809367
"3","Barnsley","Yorkshire Humberside",1989,"1989/1990",207389,54,0.026,"0",207.389,"1",6722,0.271199048,2084700,1823,84874,2084.7,84.874,0.636237245799656
"4","Barnsley","Yorkshire Humberside",1990,"1990/1991",205464,92,0.045,"1",205.464,"1",7497,0.265839669,1918200,1993,85024,1918.2,85.024,1.0820474219044
"5","Barnsley","Yorkshire Humberside",1991,"1991/1992",172687,62,0.036,"1",172.687,"1",7989,0.278382776,2463000,2224,85284,2463,85.284,0.72698278692369
"6","Barnsley","Yorkshire Humberside",1992,"1992/1993",147543,64,0.043,"1",147.543,"1",8459,0.282657525,2803000,2391,85508,2803,85.508,0.748467979604248
"7","Barnsley","Yorkshire Humberside",1993,"1993/1994",175037,77,0.044,"1",175.037,"1",8690,0.292059839,2904400,2538,85596,2904.4,85.596,0.89957474648348
"8","Birmingham","West Midlands",1987,"1987/1988",814819,541,0.066,"0",814.819,"1",5442,0.286659316,3475800,1560,1006675,3475.8,1006.675,0.53741276976184
"9","Birmingham","West Midlands",1988,"1988/1989",878622,554,0.063,"0",878.622,"1",5992,0.276368491,2734300,1656,1008504,2734.3,1008.504,0.549328510348001
"10","Birmingham","West Midlands",1989,"1989/1990",940322,483,0.051,"0",940.322,"1",6683,0.25497531,1999800,1704,1010364,1999.8,1010.364,0.47804553606423
"11","Birmingham","West Midlands",1990,"1990/1991",908971,397,0.044,"1",908.971,"1",7500,0.251866667,1818500,1889,1011294,1818.5,1011.294,0.392566355580079
"12","Birmingham","West Midlands",1991,"1991/1992",1098746,358,0.033,"1",1098.746,"1",8026,0.261649639,2600700,2100,1013483,2600.7,1013.483,0.353237301464356
"13","Birmingham","West Midlands",1992,"1992/1993",1253730,331,0.026,"1",1253.73,"1",8500,0.238235294,3208900,2025,1014970,3208.9,1014.97,0.326118013340296
"14","Birmingham","West Midlands",1993,"1993/1994",1330277,356,0.027,"1",1330.277,"1",8685,0.226137018,3341400,1964,1016628,3341.4,1016.628,0.350177252643051
"15","Blackburn","Northwest",1987,"1987/1988",211120,79,0.037,"0",211.12,"1",5552,0.400036023,4798400,2221,106003,4798.4,106.003,0.745261926549249
"16","Blackburn","Northwest",1988,"1988/1989",191379,37,0.019,"0",191.379,"1",6064,0.386048813,4013000,2341,105822,4013,105.822,0.349643741377029
"17","Blackburn","Northwest",1989,"1989/1990",221054,51,0.023,"0",221.054,"1",6729,0.368405409,3270300,2479,106009,3270.3,106.009,0.481091228103274
"18","Blackburn","Northwest",1990,"1990/1991",179512,45,0.025,"1",179.512,"1",7535,0.3668215,2922700,2764,106087,2922.7,106.087,0.424180154024527
"19","Blackburn","Northwest",1991,"1991/1992",304763,79,0.026,"1",304.763,"1",8015,0.373799127,3584300,2995,106328,3584.3,106.328,0.742983974117824
"20","Blackburn","Northwest",1992,"1992/1993",341163,64,0.019,"1",341.163,"1",8441,0.338230068,4045000,2855,106278,4045,106.278,0.602194245281244
"21","Blackburn","Northwest",1993,"1993/1994",372145,59,0.016,"1",372.145,"1",8620,0.336658933,4066000,2902,106375,4066,106.375,0.554641598119859
"22","Blackpool","Northwest",1987,"1987/1988",96935,36,0.04,"0",96.935,"0",5552,0.400036023,4798400,2221,132692,4798.4,132.692,0.271304976939077
"23","Blackpool","Northwest",1988,"1988/1989",88701,66,0.07,"0",88.701,"0",6064,0.386048813,4013000,2341,132465,4013,132.465,0.498244819386253
"24","Blackpool","Northwest",1989,"1989/1990",93527,107,0.11,"0",93.527,"0",6729,0.368405409,3270300,2479,132699,3270.3,132.699,0.80633614420606
"25","Blackpool","Northwest",1990,"1990/1991",81340,12,0.02,"1",81.34,"0",7535,0.3668215,2922700,2764,132797,2922.7,132.797,0.0903634871269682
"26","Blackpool","Northwest",1991,"1991/1992",95359,62,0.07,"1",95.359,"0",8015,0.373799127,3584300,2995,133099,3584.3,133.099,0.465818676323639
"27","Blackpool","Northwest",1992,"1992/1993",126523,114,0.09,"1",126.523,"0",8441,0.338230068,4045000,2855,133037,4045,133.037,0.856904470184986
"28","Blackpool","Northwest",1993,"1993/1994",109403,129,0.12,"1",109.403,"0",8620,0.336658933,4066000,2902,133158,4066,133.158,0.968773937728113
"29","Bolton","Northwest",1987,"1987/1988",114778,21,0.02,"0",114.778,"0",5552,0.400036023,4798400,2221,174500,4798.4,174.5,0.120343839541547
"30","Bolton","Northwest",1988,"1988/1989",124626,40,0.03,"0",124.626,"0",6064,0.386048813,4013000,2341,174203,4013,174.203,0.22961717077203
"31","Bolton","Northwest",1989,"1989/1990",167770,73,0.04,"0",167.77,"0",6729,0.368405409,3270300,2479,174511,3270.3,174.511,0.41831173966111
"32","Bolton","Northwest",1990,"1990/1991",148689,12,0.01,"1",148.689,"0",7535,0.3668215,2922700,2764,174639,2922.7,174.639,0.0687131740332915
"33","Bolton","Northwest",1991,"1991/1992",138683,49,0.04,"1",138.683,"0",8015,0.373799127,3584300,2995,175036,3584.3,175.036,0.279942411846706
"34","Bolton","Northwest",1992,"1992/1993",208429,65,0.03,"1",208.429,"0",8441,0.338230068,4045000,2855,174954,4045,174.954,0.37152622975182
"35","Bolton","Northwest",1993,"1993/1994",241462,50,0.02,"1",241.462,"0",8620,0.336658933,4066000,2902,175114,4066,175.114,0.285528284431856
"36","Bournemouth","Southwest",1987,"1987/1988",168757,149,0.088,"0",168.757,"1",6202,0.193647211,2045700,1201,162687,2045.7,162.687,0.915869122917012
"37","Bournemouth","Southwest",1988,"1988/1989",186002,35,0.019,"0",186.002,"1",6659,0.193272263,1587500,1287,164311,1587.5,164.311,0.213010693136795
"38","Bournemouth","Southwest",1989,"1989/1990",171432,213,0.124,"0",171.432,"1",7424,0.185210129,1164600,1375,164954,1164.6,164.954,1.29126908107715
"39","Bournemouth","Southwest",1990,"1990/1991",124558,9,0.007,"1",124.558,"1",8220,0.181021898,1157800,1488,165473,1157.8,165.473,0.0543895378702266
"40","Bournemouth","Southwest",1991,"1991/1992",125839,19,0.015,"1",125.839,"1",8700,0.189310345,1913100,1647,166184,1913.1,166.184,0.114331102873923
"41","Bournemouth","Southwest",1992,"1992/1993",102446,24,0.023,"1",102.446,"1",9212,0.182045158,2471400,1677,167094,2471.4,167.094,0.14363172824877
"42","Bournemouth","Southwest",1993,"1993/1994",100156,28,0.028,"1",100.156,"1",9386,0.179735777,2573200,1687,167793,2573.2,167.793,0.166872277151013
"43","Bradford","Yorkshire Humberside",1987,"1987/1988",285509,197,0.07,"0",285.509,"0",5614,0.293729961,3165800,1649,322772,3165.8,322.772,0.610337947529526
"44","Bradford","Yorkshire Humberside",1988,"1988/1989",242007,85,0.04,"0",242.007,"0",6021,0.287825943,2626200,1733,323405,2626.2,323.405,0.262828342171581
"45","Bradford","Yorkshire Humberside",1989,"1989/1990",199041,69,0.04,"0",199.041,"0",6722,0.271199048,2084700,1823,324969,2084.7,324.969,0.212327945127074
"46","Bradford","Yorkshire Humberside",1990,"1990/1991",138757,9,0.01,"1",138.757,"0",7497,0.265839669,1918200,1993,325542,1918.2,325.542,0.0276462023333395
"47","Bradford","Yorkshire Humberside",1991,"1991/1992",140653,25,0.02,"1",140.653,"0",7989,0.278382776,2463000,2224,326539,2463,326.539,0.0765605333512995
"48","Bradford","Yorkshire Humberside",1992,"1992/1993",151374,20,0.01,"1",151.374,"0",8459,0.282657525,2803000,2391,327395,2803,327.395,0.0610882878480123
"49","Bradford","Yorkshire Humberside",1993,"1993/1994",147095,33,0.02,"1",147.095,"0",8690,0.292059839,2904400,2538,327733,2904.4,327.733,0.100691721614851
"50","Brighton","SouthEast",1987,"1987/1988",205263,34,0.017,"0",205.263,"1",6591,0.739189804,2494000,4872,460029,2494,460.029,0.0739083840366586
"51","Brighton","SouthEast",1988,"1988/1989",208022,47,0.023,"0",208.022,"1",7561,0.684962307,1726500,5179,460534,1726.5,460.534,0.10205543998923
"52","Brighton","SouthEast",1989,"1989/1990",198105,55,0.028,"0",198.105,"1",8290,0.65548854,1233800,5434,461647,1233.8,461.647,0.119138649227657
"53","Brighton","SouthEast",1990,"1990/1991",191448,34,0.018,"1",191.448,"1",9163,0.631998254,1327600,5791,463837,1327.6,463.837,0.0733016124198803
"54","Brighton","SouthEast",1991,"1991/1992",184043,34,0.018,"1",184.043,"1",9565,0.656769472,2524100,6282,465769,2524.1,465.769,0.0729975588757517
"55","Brighton","SouthEast",1992,"1992/1993",154337,19,0.012,"1",154.337,"1",10025,0.634713217,3478000,6363,466950,3478,466.95,0.0406895813256237
"56","Brighton","SouthEast",1993,"1993/1994",177301,21,0.012,"1",177.301,"1",10422,0.625503742,3771100,6519,468024,3771.1,468.024,0.0448694938721091
"57","Bristol","Southwest",1987,"1987/1988",310614,39,0.013,"0",310.614,"1",6202,0.193647211,2045700,1201,464980,2045.7,464.98,0.0838745752505484
"58","Bristol","Southwest",1988,"1988/1989",308227,140,0.045,"0",308.227,"1",6659,0.193272263,1587500,1287,469621,1587.5,469.621,0.298112733459534
"59","Bristol","Southwest",1989,"1989/1990",404828,164,0.041,"0",404.828,"1",7424,0.185210129,1164600,1375,471458,1164.6,471.458,0.347857073164524
"60","Bristol","Southwest",1990,"1990/1991",445572,175,0.039,"1",445.572,"1",8220,0.181021898,1157800,1488,472942,1157.8,472.942,0.37002423130109
"61","Bristol","Southwest",1991,"1991/1992",398566,118,0.03,"1",398.566,"1",8700,0.189310345,1913100,1647,474974,1913.1,474.974,0.248434651159853
"62","Bristol","Southwest",1992,"1992/1993",385211,90,0.023,"1",385.211,"1",9212,0.182045158,2471400,1677,477575,2471.4,477.575,0.188452075590221
"63","Bristol","Southwest",1993,"1993/1994",325810,55,0.017,"1",325.81,"1",9386,0.179735777,2573200,1687,479572,2573.2,479.572,0.114685594655234
"64","Burnley","Northwest",1987,"1987/1988",144770,90,0.06,"0",144.77,"0",5552,0.400036023,4798400,2221,73280,4798.4,73.28,1.22816593886463
"65","Burnley","Northwest",1988,"1988/1989",162583,47,0.03,"0",162.583,"0",6064,0.386048813,4013000,2341,73155,4013,73.155,0.642471464698243
"66","Burnley","Northwest",1989,"1989/1990",142967,47,0.03,"0",142.967,"0",6729,0.368405409,3270300,2479,73284,3270.3,73.284,0.64134053818023
"67","Burnley","Northwest",1990,"1990/1991",169424,22,0.01,"1",169.424,"0",7535,0.3668215,2922700,2764,73338,2922.7,73.338,0.299980910305708
"68","Burnley","Northwest",1991,"1991/1992",231466,48,0.02,"1",231.466,"0",8015,0.373799127,3584300,2995,73505,3584.3,73.505,0.653016801578124
"69","Burnley","Northwest",1992,"1992/1993",242347,71,0.03,"1",242.347,"0",8441,0.338230068,4045000,2855,73470,4045,73.47,0.966380835715258
"70","Burnley","Northwest",1993,"1993/1994",259283,23,0.01,"1",259.283,"0",8620,0.336658933,4066000,2902,73537,4066,73.537,0.312767722371051
"71","Bury","Northwest",1987,"1987/1988",58997,5,0.01,"0",58.997,"0",5552,0.400036023,4798400,2221,69383,4798.4,69.383,0.0720637620166323
"72","Bury","Northwest",1988,"1988/1989",77346,27,0.04,"0",77.346,"0",6064,0.386048813,4013000,2341,69264,4013,69.264,0.38981288981289
"73","Bury","Northwest",1989,"1989/1990",79210,27,0.03,"0",79.21,"0",6729,0.368405409,3270300,2479,69387,3270.3,69.387,0.389121881620476
"74","Bury","Northwest",1990,"1990/1991",61844,11,0.02,"1",61.844,"0",7535,0.3668215,2922700,2764,69438,2922.7,69.438,0.158414700884242
"75","Bury","Northwest",1991,"1991/1992",66734,7,0.01,"1",66.734,"0",8015,0.373799127,3584300,2995,69596,3584.3,69.596,0.100580493131789
"76","Bury","Northwest",1992,"1992/1993",56067,12,0.02,"1",56.067,"0",8441,0.338230068,4045000,2855,69563,4045,69.563,0.172505498612768
"77","Bury","Northwest",1993,"1993/1994",54529,4,0.01,"1",54.529,"0",8620,0.336658933,4066000,2902,69626,4066,69.626,0.0574498032344239
"78","Cambridge","East",1987,"1987/1988",52896,29,0.06,"0",52.896,"0",6467,0.416576465,1959500,2694,50019,1959.5,50.019,0.579779683720186
"79","Cambridge","East",1988,"1988/1989",59655,17,0.03,"0",59.655,"0",7334,0.396100355,1379500,2905,50498,1379.5,50.498,0.336646995920631
"80","Cambridge","East",1989,"1989/1990",45349,1,0,"0",45.349,"0",8154,0.377483444,960300,3078,50718,960.3,50.718,0.0197168658070113
"81","Cambridge","East",1990,"1990/1991",116542,3,0,"1",116.542,"0",8963,0.372531518,1031700,3339,51023,1031.7,51.023,0.0587970131117339
"82","Cambridge","East",1991,"1991/1992",162804,9,0.01,"1",162.804,"0",9381,0.389830508,1825000,3657,51575,1825,51.575,0.174503150751333
"83","Cambridge","East",1992,"1992/1993",127526,26,0.02,"1",127.526,"0",9856,0.375,2464200,3696,51690,2464.2,51.69,0.502998645772877
"84","Cambridge","East",1993,"1993/1994",84773,6,0.01,"1",84.773,"0",9986,0.383536952,2669500,3830,51767,2669.5,51.767,0.115903954256573
"85","Cardiff","Wales",1987,"1987/1988",101752,43,0.04,"0",101.752,"0",5213,0.1705352,1760400,889,308761,1760.4,308.761,0.139266293346634
"86","Cardiff","Wales",1988,"1988/1989",100643,16,0.02,"0",100.643,"0",5662,0.164959378,1472600,934,310802,1472.6,310.802,0.0514797202077207
"87","Cardiff","Wales",1989,"1989/1990",84304,32,0.04,"0",84.304,"0",6380,0.153605016,1142500,980,312328,1142.5,312.328,0.102456391998156
"88","Cardiff","Wales",1990,"1990/1991",67989,8,0.01,"1",67.989,"0",7140,0.148739496,1027400,1062,313021,1027.4,313.021,0.0255573907181946
"89","Cardiff","Wales",1991,"1991/1992",136300,8,0.01,"1",136.3,"0",7634,0.152475766,1344800,1164,314278,1344.8,314.278,0.0254551702632701
"90","Cardiff","Wales",1992,"1992/1993",179752,14,0.01,"1",179.752,"0",8099,0.148289912,1507800,1201,314789,1507.8,314.789,0.0444742351225742
"91","Cardiff","Wales",1993,"1993/1994",139150,15,0.01,"1",139.15,"0",8178,0.151993152,1552500,1243,315433,1552.5,315.433,0.0475536801793091
"92","Carlisle","Northwest",1987,"1987/1988",51282,27,0.05,"0",51.282,"0",5552,0.400036023,4798400,2221,67671,4798.4,67.671,0.398989227290863
"93","Carlisle","Northwest",1988,"1988/1989",73696,17,0.02,"0",73.696,"0",6064,0.386048813,4013000,2341,67555,4013,67.555,0.251646806305973
"94","Carlisle","Northwest",1989,"1989/1990",107959,15,0.01,"0",107.959,"0",6729,0.368405409,3270300,2479,67675,3270.3,67.675,0.221647580347248
"95","Carlisle","Northwest",1990,"1990/1991",64655,14,0.02,"1",64.655,"0",7535,0.3668215,2922700,2764,67725,2922.7,67.725,0.20671834625323
"96","Carlisle","Northwest",1991,"1991/1992",53568,19,0.04,"1",53.568,"0",8015,0.373799127,3584300,2995,67879,3584.3,67.879,0.279909839567466
"97","Carlisle","Northwest",1992,"1992/1993",75821,12,0.02,"1",75.821,"0",8441,0.338230068,4045000,2855,67847,4045,67.847,0.17686854245582
"98","Carlisle","Northwest",1993,"1993/1994",116244,16,0.01,"1",116.244,"0",8620,0.336658933,4066000,2902,67909,4066,67.909,0.235609418486504
"99","Chester","Northwest",1987,"1987/1988",58967,22,0.04,"0",58.967,"0",5552,0.400036023,4798400,2221,77290,4798.4,77.29,0.284642256436796
"100","Chester","Northwest",1988,"1988/1989",70119,20,0.03,"0",70.119,"0",6064,0.386048813,4013000,2341,77159,4013,77.159,0.259205018209152
"101","Chester","Northwest",1989,"1989/1990",55914,46,0.08,"0",55.914,"0",6729,0.368405409,3270300,2479,77295,3270.3,77.295,0.595122582314509
"102","Chester","Northwest",1990,"1990/1991",24040,0,0,"1",24.04,"0",7535,0.3668215,2922700,2764,77352,2922.7,77.352,0
"103","Chester","Northwest",1991,"1991/1992",42711,11,0.03,"1",42.711,"0",8015,0.373799127,3584300,2995,77528,3584.3,77.528,0.141884222474461
"104","Chester","Northwest",1992,"1992/1993",68806,29,0.04,"1",68.806,"0",8441,0.338230068,4045000,2855,77491,4045,77.491,0.374237008168691
"105","Chester","Northwest",1993,"1993/1994",67008,30,0.05,"1",67.008,"0",8620,0.336658933,4066000,2902,77562,4066,77.562,0.386787344318094
"106","Chesterfield ","East Midlands",1987,"1987/1988",61239,21,0.03,"0",61.239,"0",5812,0.203716449,2037200,1184,76617,2037.2,76.617,0.274090606523356
"107","Chesterfield ","East Midlands",1988,"1988/1989",86746,44,0.05,"0",86.746,"0",6271,0.202997927,1631500,1273,77113,1631.5,77.113,0.570591210301765
"108","Chesterfield ","East Midlands",1989,"1989/1990",98265,54,0.06,"0",98.265,"0",7055,0.197023388,1244300,1390,77608,1244.3,77.608,0.695804556231316
"109","Chesterfield ","East Midlands",1990,"1990/1991",72805,9,0.01,"1",72.805,"0",7757,0.18834601,1181000,1461,77938,1181,77.938,0.115476404321384
"110","Chesterfield ","East Midlands",1991,"1991/1992",75664,12,0.02,"1",75.664,"0",8233,0.183772622,1686500,1513,78298,1686.5,78.298,0.153260619683772
"111","Chesterfield ","East Midlands",1992,"1992/1993",67468,23,0.03,"1",67.468,"0",8602,0.179958149,2068900,1548,78791,2068.9,78.791,0.291911512736226
"112","Chesterfield ","East Midlands",1993,"1993/1994",66958,33,0.05,"1",66.958,"0",8912,0.187387792,2171900,1670,79166,2171.9,79.166,0.416845615542026
"113","Colchester","East",1987,"1987/1988",40607,0,0,"0",40.607,"0",6467,0.416576465,1959500,2694,40971,1959.5,40.971,0
"114","Colchester","East",1988,"1988/1989",66421,7,0.01,"0",66.421,"0",7334,0.396100355,1379500,2905,41364,1379.5,41.364,0.169229281500822
"115","Colchester","East",1989,"1989/1990",70940,17,0.02,"0",70.94,"0",8154,0.377483444,960300,3078,41543,960.3,41.543,0.409214548780781
"116","Colchester","East",1990,"1990/1991",72805,9,0.01,"1",72.805,"0",8963,0.372531518,1031700,3339,41794,1031.7,41.794,0.215341915107432
"117","Colchester","East",1991,"1991/1992",42711,11,0.03,"1",42.711,"0",9381,0.389830508,1825000,3657,42246,1825,42.246,0.260379680916536
"118","Colchester","East",1992,"1992/1993",79321,14,0.02,"1",79.321,"0",9856,0.375,2464200,3696,42340,2464.2,42.34,0.330656589513462
"119","Colchester","East",1993,"1993/1994",59998,6,0.01,"1",59.998,"0",9986,0.383536952,2669500,3830,42403,2669.5,42.403,0.141499422210693
"120","Coventry","West Midlands",1987,"1987/1988",350165,194,0.055,"0",350.165,"1",5442,0.286659316,3475800,1560,302194,3475.8,302.194,0.641971713535014
"121","Coventry","West Midlands",1988,"1988/1989",302902,190,0.063,"0",302.902,"1",5992,0.276368491,2734300,1656,302742,2734.3,302.742,0.627597095877017
"122","Coventry","West Midlands",1989,"1989/1990",271543,192,0.071,"0",271.543,"1",6683,0.25497531,1999800,1704,303301,1999.8,303.301,0.633034510271974
"123","Coventry","West Midlands",1990,"1990/1991",263712,149,0.057,"1",263.712,"1",7500,0.251866667,1818500,1889,303580,1818.5,303.58,0.490809671256341
"124","Coventry","West Midlands",1991,"1991/1992",291396,78,0.027,"1",291.396,"1",8026,0.261649639,2600700,2100,304237,2600.7,304.237,0.256379072893829
"125","Coventry","West Midlands",1992,"1992/1993",313963,125,0.04,"1",313.963,"1",8500,0.238235294,3208900,2025,304684,3208.9,304.684,0.410261122999567
"126","Coventry","West Midlands",1993,"1993/1994",280392,90,0.032,"1",280.392,"1",8685,0.226137018,3341400,1964,305181,3341.4,305.181,0.294906956855112
"127","Crewe","Northwest",1987,"1987/1988",51828,21,0.04,"0",51.828,"0",5552,0.400036023,4798400,2221,64450,4798.4,64.45,0.325833979829325
"128","Crewe","Northwest",1988,"1988/1989",74202,30,0.04,"0",74.202,"0",6064,0.386048813,4013000,2341,64340,4013,64.34,0.466272925085483
"129","Crewe","Northwest",1989,"1989/1990",93156,11,0.01,"0",93.156,"0",6729,0.368405409,3270300,2479,64454,3270.3,64.454,0.170664349768827
"130","Crewe","Northwest",1990,"1990/1991",68991,1,0,"1",68.991,"0",7535,0.3668215,2922700,2764,64501,2922.7,64.501,0.0155036356025488
"131","Crewe","Northwest",1991,"1991/1992",82129,9,0.01,"1",82.129,"0",8015,0.373799127,3584300,2995,64648,3584.3,64.648,0.139215443633214
"132","Crewe","Northwest",1992,"1992/1993",72545,15,0.02,"1",72.545,"0",8441,0.338230068,4045000,2855,64618,4045,64.618,0.232133461264663
"133","Crewe","Northwest",1993,"1993/1994",83809,13,0.02,"1",83.809,"0",8620,0.336658933,4066000,2902,64677,4066,64.677,0.20099880946859
"134","Darlington","Northeast",1987,"1987/1988",50374,5,0.01,"0",50.374,"0",5207,0.203956213,2162400,1062,109273,2162.4,109.273,0.0457569573453644
"135","Darlington","Northeast",1988,"1988/1989",53278,26,0.05,"0",53.278,"0",5578,0.193438508,1838700,1079,109070,1838.7,109.07,0.238379022646007
"136","Darlington","Northeast",1989,"1989/1990",323792,76,0.02,"0",323.792,"0",6206,0.184015469,1513900,1142,109132,1513.9,109.132,0.696404354359858
"137","Darlington","Northeast",1990,"1990/1991",86486,7,0.01,"1",86.486,"0",6948,0.183218192,1334300,1273,109210,1334.3,109.21,0.0640966944419009
"138","Darlington","Northeast",1991,"1991/1992",66802,25,0.04,"1",66.802,"0",7623,0.193624557,1535300,1476,109277,1535.3,109.277,0.228776412236793
"139","Darlington","Northeast",1992,"1992/1993",41166,13,0.03,"1",41.166,"0",8110,0.19297164,1659200,1565,109467,1659.2,109.467,0.118757251043694
"140","Darlington","Northeast",1993,"1993/1994",47796,8,0.02,"1",47.796,"0",8317,0.191535409,1770900,1593,109557,1770.9,109.557,0.0730213496170943
"141","Derby","East Midlands",1987,"1987/1988",343107,86,0.025,"0",343.107,"1",5812,0.203716449,2037200,1184,221144,2037.2,221.144,0.388886879137576
"142","Derby","East Midlands",1988,"1988/1989",335964,132,0.039,"0",335.964,"1",6271,0.202997927,1631500,1273,222576,1631.5,222.576,0.593055855078715
"143","Derby","East Midlands",1989,"1989/1990",329912,89,0.027,"0",329.912,"1",7055,0.197023388,1244300,1390,224005,1244.3,224.005,0.3973125599875
"144","Derby","East Midlands",1990,"1990/1991",311581,28,0.009,"1",311.581,"1",7757,0.18834601,1181000,1461,224957,1181,224.957,0.124468231706504
"145","Derby","East Midlands",1991,"1991/1992",337281,43,0.013,"1",337.281,"1",8233,0.183772622,1686500,1513,225996,1686.5,225.996,0.190268854316006
"146","Derby","East Midlands",1992,"1992/1993",345470,34,0.01,"1",345.47,"1",8602,0.179958149,2068900,1548,227420,2068.9,227.42,0.149503121976959
"147","Derby","East Midlands",1993,"1993/1994",365549,54,0.015,"1",365.549,"1",8912,0.187387792,2171900,1670,228502,2171.9,228.502,0.236321782741508
"148","Doncaster","Yorkshire Humberside",1987,"1987/1988",43223,28,0.07,"0",43.223,"0",5614,0.293729961,3165800,1649,101390,3165.8,101.39,0.276161357135812
"149","Doncaster","Yorkshire Humberside",1988,"1988/1989",49796,20,0.04,"0",49.796,"0",6021,0.287825943,2626200,1733,101589,2626.2,101.589,0.196871708551123
"150","Doncaster","Yorkshire Humberside",1989,"1989/1990",62255,51,0.08,"0",62.255,"0",6722,0.271199048,2084700,1823,102080,2084.7,102.08,0.499608150470219
"151","Doncaster","Yorkshire Humberside",1990,"1990/1991",55316,15,0.03,"1",55.316,"0",7497,0.265839669,1918200,1993,102260,1918.2,102.26,0.146684920790143
"152","Doncaster","Yorkshire Humberside",1991,"1991/1992",45270,32,0.07,"1",45.27,"0",7989,0.278382776,2463000,2224,102573,2463,102.573,0.311972936347772
"153","Doncaster","Yorkshire Humberside",1992,"1992/1993",50632,24,0.05,"1",50.632,"0",8459,0.282657525,2803000,2391,102842,2803,102.842,0.233367690243286
"154","Doncaster","Yorkshire Humberside",1993,"1993/1994",52041,8,0.02,"1",52.041,"0",8690,0.292059839,2904400,2538,102948,2904.4,102.948,0.077709134708785
"155","Exeter","Southwest",1987,"1987/1988",56264,83,0.15,"0",56.264,"0",6202,0.193647211,2045700,1201,98485,2045.7,98.485,0.842767934203178
"156","Exeter","Southwest",1988,"1988/1989",59832,12,0.02,"0",59.832,"0",6659,0.193272263,1587500,1287,99467,1587.5,99.467,0.120643027335699
"157","Exeter","Southwest",1989,"1989/1990",112634,19,0.02,"0",112.634,"0",7424,0.185210129,1164600,1375,99856,1164.6,99.856,0.190273994552155
"158","Exeter","Southwest",1990,"1990/1991",90016,30,0.03,"1",90.016,"0",8220,0.181021898,1157800,1488,100171,1157.8,100.171,0.299487875732497
"159","Exeter","Southwest",1991,"1991/1992",83426,13,0.02,"1",83.426,"0",8700,0.189310345,1913100,1647,100601,1913.1,100.601,0.129223367560959
"160","Exeter","Southwest",1992,"1992/1993",75314,23,0.03,"1",75.314,"0",9212,0.182045158,2471400,1677,101152,2471.4,101.152,0.227380575767162
"161","Exeter","Southwest",1993,"1993/1994",76366,20,0.03,"1",76.366,"0",9386,0.179735777,2573200,1687,101575,2573.2,101.575,0.196898843219296
"162","Gillingham","SouthEast",1987,"1987/1988",106260,32,0.03,"0",106.26,"0",6591,0.739189804,2494000,4872,208599,2494,208.599,0.153404378736236
"163","Gillingham","SouthEast",1988,"1988/1989",84907,23,0.03,"0",84.907,"0",7561,0.684962307,1726500,5179,208828,1726.5,208.828,0.110138487176049
"164","Gillingham","SouthEast",1989,"1989/1990",88421,7,0.01,"0",88.421,"0",8290,0.65548854,1233800,5434,209333,1233.8,209.333,0.0334395436935409
"165","Gillingham","SouthEast",1990,"1990/1991",80667,12,0.02,"1",80.667,"0",9163,0.631998254,1327600,5791,210326,1327.6,210.326,0.0570542871542273
"166","Gillingham","SouthEast",1991,"1991/1992",68971,9,0.01,"1",68.971,"0",9565,0.656769472,2524100,6282,211202,2524.1,211.202,0.0426132328292346
"167","Gillingham","SouthEast",1992,"1992/1993",69319,6,0.01,"1",69.319,"0",10025,0.634713217,3478000,6363,211738,3478,211.738,0.028336906932152
"168","Gillingham","SouthEast",1993,"1993/1994",66110,10,0.02,"1",66.11,"0",10422,0.625503742,3771100,6519,212225,3771.1,212.225,0.0471198020968312
"169","Grimsby","Yorkshire Humberside",1987,"1987/1988",76541,66,0.09,"0",76.541,"0",5614,0.293729961,3165800,1649,81480,3165.8,81.48,0.810014727540501
"170","Grimsby","Yorkshire Humberside",1988,"1988/1989",98949,79,0.08,"0",98.949,"0",6021,0.287825943,2626200,1733,81640,2626.2,81.64,0.96766291033807
"171","Grimsby","Yorkshire Humberside",1989,"1989/1990",137623,49,0.04,"0",137.623,"0",6722,0.271199048,2084700,1823,82035,2084.7,82.035,0.597306027914914
"172","Grimsby","Yorkshire Humberside",1990,"1990/1991",154447,39,0.03,"1",154.447,"0",7497,0.265839669,1918200,1993,82180,1918.2,82.18,0.474568021416403
"173","Grimsby","Yorkshire Humberside",1991,"1991/1992",159167,36,0.02,"1",159.167,"0",7989,0.278382776,2463000,2224,82431,2463,82.431,0.436728900534993
"174","Grimsby","Yorkshire Humberside",1992,"1992/1993",140014,31,0.02,"1",140.014,"0",8459,0.282657525,2803000,2391,82647,2803,82.647,0.375089234938957
"175","Grimsby","Yorkshire Humberside",1993,"1993/1994",143747,28,0.02,"1",143.747,"0",8690,0.292059839,2904400,2538,82733,2904.4,82.733,0.338438108130976
"176","Halifax","Yorkshire Humberside",1987,"1987/1988",39358,38,0.1,"0",39.358,"0",5614,0.293729961,3165800,1649,81380,3165.8,81.38,0.4669451953797
"177","Halifax","Yorkshire Humberside",1988,"1988/1989",43577,62,0.14,"0",43.577,"0",6021,0.287825943,2626200,1733,81539,2626.2,81.539,0.760372337163811
"178","Halifax","Yorkshire Humberside",1989,"1989/1990",38637,47,0.12,"0",38.637,"0",6722,0.271199048,2084700,1823,81934,2084.7,81.934,0.573632435863012
"179","Halifax","Yorkshire Humberside",1990,"1990/1991",29321,2,0.01,"1",29.321,"0",7497,0.265839669,1918200,1993,82078,1918.2,82.078,0.0243670654743049
"180","Halifax","Yorkshire Humberside",1991,"1991/1992",34298,16,0.05,"1",34.298,"0",7989,0.278382776,2463000,2224,82330,2463,82.33,0.194339851815863
"181","Halifax","Yorkshire Humberside",1992,"1992/1993",46858,25,0.05,"1",46.858,"0",8459,0.282657525,2803000,2391,82545,2803,82.545,0.302865103882731
"182","Halifax","Yorkshire Humberside",1993,"1993/1994",0,0,0,"1",0,"0",8690,0.292059839,2904400,2538,82631,2904.4,82.631,0
"183","Hartlepool","Northeast",1987,"1987/1988",48972,21,0.04,"0",48.972,"0",5207,0.203956213,2162400,1062,105123,2162.4,105.123,0.199765988413573
"184","Hartlepool","Northeast",1988,"1988/1989",46921,21,0.05,"0",46.921,"0",5578,0.193438508,1838700,1079,104928,1838.7,104.928,0.200137236962489
"185","Hartlepool","Northeast",1989,"1989/1990",56988,16,0.03,"0",56.988,"0",6206,0.184015469,1513900,1142,104987,1513.9,104.987,0.15239982093021
"186","Hartlepool","Northeast",1990,"1990/1991",66957,17,0.03,"1",66.957,"0",6948,0.183218192,1334300,1273,105062,1334.3,105.062,0.161809217414479
"187","Hartlepool","Northeast",1991,"1991/1992",73627,39,0.05,"1",73.627,"0",7623,0.193624557,1535300,1476,105127,1535.3,105.127,0.370979862452082
"188","Hartlepool","Northeast",1992,"1992/1993",72318,22,0.03,"1",72.318,"0",8110,0.19297164,1659200,1565,105309,1659.2,105.309,0.208909020121737
"189","Hartlepool","Northeast",1993,"1993/1994",47742,14,0.03,"1",47.742,"0",8317,0.191535409,1770900,1593,105396,1770.9,105.396,0.13283236555467
"190","Hereford","West Midlands",1987,"1987/1988",50712,28,0.06,"0",50.712,"0",5442,0.286659316,3475800,1560,56012,3475.8,56.012,0.499892880097122
"191","Hereford","West Midlands",1988,"1988/1989",49619,28,0.06,"0",49.619,"0",5992,0.276368491,2734300,1656,56114,2734.3,56.114,0.498984210713904
"192","Hereford","West Midlands",1989,"1989/1990",61981,49,0.08,"0",61.981,"0",6683,0.25497531,1999800,1704,56217,1999.8,56.217,0.871622462956045
"193","Hereford","West Midlands",1990,"1990/1991",53298,12,0.02,"1",53.298,"0",7500,0.251866667,1818500,1889,56269,1818.5,56.269,0.213261298405872
"194","Hereford","West Midlands",1991,"1991/1992",60176,29,0.05,"1",60.176,"0",8026,0.261649639,2600700,2100,56391,2600.7,56.391,0.514266460960082
"195","Hereford","West Midlands",1992,"1992/1993",46428,34,0.07,"1",46.428,"0",8500,0.238235294,3208900,2025,56473,3208.9,56.473,0.602057620455793
"196","Hereford","West Midlands",1993,"1993/1994",47499,1,0,"1",47.499,"0",8685,0.226137018,3341400,1964,56566,3341.4,56.566,0.0176784640950394
"197","Huddersfield","Yorkshire Humberside",1987,"1987/1988",150334,126,0.08,"0",150.334,"0",5614,0.293729961,3165800,1649,150461,3165.8,150.461,0.837426309807857
"198","Huddersfield","Yorkshire Humberside",1988,"1988/1989",133989,34,0.03,"0",133.989,"0",6021,0.287825943,2626200,1733,150756,2626.2,150.756,0.2255299954894
"199","Huddersfield","Yorkshire Humberside",1989,"1989/1990",129549,25,0.02,"0",129.549,"0",6722,0.271199048,2084700,1823,151485,2084.7,151.485,0.165032841535466
"200","Huddersfield","Yorkshire Humberside",1990,"1990/1991",109174,22,0.02,"1",109.174,"0",7497,0.265839669,1918200,1993,151753,1918.2,151.753,0.144972422291487
"201","Huddersfield","Yorkshire Humberside",1991,"1991/1992",173419,26,0.02,"1",173.419,"0",7989,0.278382776,2463000,2224,152217,2463,152.217,0.17080877957127
"202","Huddersfield","Yorkshire Humberside",1992,"1992/1993",136122,27,0.02,"1",136.122,"0",8459,0.282657525,2803000,2391,152616,2803,152.616,0.176914609215285
"203","Huddersfield","Yorkshire Humberside",1993,"1993/1994",146556,42,0.03,"1",146.556,"0",8690,0.292059839,2904400,2538,152774,2904.4,152.774,0.274915888829251
"204","Hull","Yorkshire Humberside",1987,"1987/1988",157507,38,0.024,"0",157.507,"1",5614,0.293729961,3165800,1649,262532,3165.8,262.532,0.144744259747383
"205","Hull","Yorkshire Humberside",1988,"1988/1989",135915,18,0.013,"0",135.915,"1",6021,0.287825943,2626200,1733,263046,2626.2,263.046,0.0684290960516412
"206","Hull","Yorkshire Humberside",1989,"1989/1990",144198,57,0.04,"0",144.198,"1",6722,0.271199048,2084700,1823,264319,2084.7,264.319,0.215648515619384
"207","Hull","Yorkshire Humberside",1990,"1990/1991",141770,59,0.042,"1",141.77,"1",7497,0.265839669,1918200,1993,264785,1918.2,264.785,0.222822289782276
"208","Hull","Yorkshire Humberside",1991,"1991/1992",94648,16,0.017,"1",94.648,"1",7989,0.278382776,2463000,2224,265596,2463,265.596,0.0602418711125168
"209","Hull","Yorkshire Humberside",1992,"1992/1993",107452,16,0.015,"1",107.452,"1",8459,0.282657525,2803000,2391,266292,2803,266.292,0.0600844186081445
"210","Hull","Yorkshire Humberside",1993,"1993/1994",136199,15,0.011,"1",136.199,"1",8690,0.292059839,2904400,2538,266567,2904.4,266.567,0.0562710312979476
"211","Ipswich","East",1987,"1987/1988",258037,99,0.038,"0",258.037,"1",6467,0.416576465,1959500,2694,49723,1959.5,49.723,1.9910303079058
"212","Ipswich","East",1988,"1988/1989",288319,31,0.011,"0",288.319,"1",7334,0.396100355,1379500,2905,50200,1379.5,50.2,0.617529880478088
"213","Ipswich","East",1989,"1989/1990",293597,30,0.01,"0",293.597,"1",8154,0.377483444,960300,3078,50418,960.3,50.418,0.595025586100202
"214","Ipswich","East",1990,"1990/1991",272132,39,0.014,"1",272.132,"1",8963,0.372531518,1031700,3339,50722,1031.7,50.722,0.768897125507669
"215","Ipswich","East",1991,"1991/1992",328298,62,0.019,"1",328.298,"1",9381,0.389830508,1825000,3657,51271,1825,51.271,1.20926059565836
"216","Ipswich","East",1992,"1992/1993",382692,105,0.027,"1",382.692,"1",9856,0.375,2464200,3696,51385,2464.2,51.385,2.04339787875839
"217","Ipswich","East",1993,"1993/1994",344025,28,0.008,"1",344.025,"1",9986,0.383536952,2669500,3830,51461,2669.5,51.461,0.544101358310177
"218","Leeds","Yorkshire Humberside",1987,"1987/1988",443094,184,0.042,"0",443.094,"1",5614,0.293729961,3165800,1649,438258,3165.8,438.258,0.419844018819965
"219","Leeds","Yorkshire Humberside",1988,"1988/1989",500906,159,0.032,"0",500.906,"1",6021,0.287825943,2626200,1733,439117,2626.2,439.117,0.362090285732504
"220","Leeds","Yorkshire Humberside",1989,"1989/1990",635833,168,0.026,"0",635.833,"1",6722,0.271199048,2084700,1823,441241,2084.7,441.241,0.380744309798953
"221","Leeds","Yorkshire Humberside",1990,"1990/1991",546434,87,0.016,"1",546.434,"1",7497,0.265839669,1918200,1993,442020,1918.2,442.02,0.196823673136962
"222","Leeds","Yorkshire Humberside",1991,"1991/1992",618636,64,0.01,"1",618.636,"1",7989,0.278382776,2463000,2224,443373,2463,443.373,0.144347986909442
"223","Leeds","Yorkshire Humberside",1992,"1992/1993",614244,42,0.007,"1",614.244,"1",8459,0.282657525,2803000,2391,444535,2803,444.535,0.0944807495472797
"224","Leeds","Yorkshire Humberside",1993,"1993/1994",724363,130,0.018,"1",724.363,"1",8690,0.292059839,2904400,2538,444994,2904.4,444.994,0.292138770410388
"225","Leicester","East Midlands",1987,"1987/1988",223049,31,0.014,"0",223.049,"1",5812,0.203716449,2037200,1184,384249,2037.2,384.249,0.0806768527699487
"226","Leicester","East Midlands",1988,"1988/1989",239357,95,0.04,"0",239.357,"1",6271,0.202997927,1631500,1273,386736,1631.5,386.736,0.245645608373671
"227","Leicester","East Midlands",1989,"1989/1990",269387,115,0.043,"0",269.387,"1",7055,0.197023388,1244300,1390,389220,1244.3,389.22,0.29546272031242
"228","Leicester","East Midlands",1990,"1990/1991",264636,106,0.04,"1",264.636,"1",7757,0.18834601,1181000,1461,390874,1181,390.874,0.271187134473002
"229","Leicester","East Midlands",1991,"1991/1992",349641,128,0.037,"1",349.641,"1",8233,0.183772622,1686500,1513,392679,1686.5,392.679,0.32596599257918
"230","Leicester","East Midlands",1992,"1992/1993",353324,23,0.007,"1",353.324,"1",8602,0.179958149,2068900,1548,395153,2068.9,395.153,0.0582053027561476
"231","Leicester","East Midlands",1993,"1993/1994",351209,20,0.006,"1",351.209,"1",8912,0.187387792,2171900,1670,397033,2171.9,397.033,0.050373646523085
"232","Liverpool","Northwest",1987,"1987/1988",1347669,57,0.004,"0",1347.669,"1",5552,0.400036023,4798400,2221,496274,4798.4,496.274,0.1148559062131
"233","Liverpool","Northwest",1988,"1988/1989",1256346,212,0.017,"0",1256.346,"1",6064,0.386048813,4013000,2341,495427,4013,495.427,0.427913698688202
"234","Liverpool","Northwest",1989,"1989/1990",1195674,152,0.013,"0",1195.674,"1",6729,0.368405409,3270300,2479,496302,3270.3,496.302,0.306265136952904
"235","Liverpool","Northwest",1990,"1990/1991",1153110,212,0.018,"1",1153.11,"1",7535,0.3668215,2922700,2764,496668,2922.7,496.668,0.42684449169264
"236","Liverpool","Northwest",1991,"1991/1992",1216868,427,0.035,"1",1216.868,"1",8015,0.373799127,3584300,2995,497798,3584.3,497.798,0.857777652782856
"237","Liverpool","Northwest",1992,"1992/1993",1206431,306,0.025,"1",1206.431,"1",8441,0.338230068,4045000,2855,497563,4045,497.563,0.614997497804298
"238","Liverpool","Northwest",1993,"1993/1994",1288752,289,0.022,"1",1288.752,"1",8620,0.336658933,4066000,2902,498017,4066,498.017,0.580301475652438
"239","London","Greater London",1987,"1987/1988",2920834,923,0.032,"0",2920.834,"1",7011,0.310512052,4206100,2177,6761629,4206.1,6761.629,0.136505566927733
"240","London","Greater London",1988,"1988/1989",3007169,1189,0.04,"0",3007.169,"1",7732,0.294102431,3400900,2274,6772628,3400.9,6772.628,0.175559620283293
"241","London","Greater London",1989,"1989/1990",2714818,1042,0.038,"0",2714.818,"1",8812,0.267362687,2599400,2356,6783628,2599.4,6783.628,0.153605121035528
"242","London","Greater London",1990,"1990/1991",3343380,820,0.025,"1",3343.38,"1",9929,0.246953369,2522200,2452,6793627,2522.2,6793.627,0.120701357316202
"243","London","Greater London",1991,"1991/1992",3232212,796,0.025,"1",3232.212,"1",10351,0.253598686,3951200,2625,6840624,3951.2,6840.624,0.116363653374312
"244","London","Greater London",1992,"1992/1993",3052494,549,0.018,"1",3052.494,"1",10808,0.246854182,5109600,2668,6887622,5109.6,6887.622,0.0797082069834843
"245","London","Greater London",1993,"1993/1994",3341939,541,0.016,"1",3341.939,"1",11282,0.238344265,5572400,2689,6934619,5572.4,6934.619,0.0780143797373727
"246","Luton","East",1987,"1987/1988",161884,1,0.001,"0",161.884,"1",6467,0.416576465,1959500,2694,72456,1959.5,72.456,0.0138014795186044
"247","Luton","East",1988,"1988/1989",176681,7,0.004,"0",176.681,"1",7334,0.396100355,1379500,2905,73151,1379.5,73.151,0.095692471736545
"248","Luton","East",1989,"1989/1990",186451,9,0.005,"0",186.451,"1",8154,0.377483444,960300,3078,73468,960.3,73.468,0.122502313932597
"249","Luton","East",1990,"1990/1991",195255,3,0.002,"1",195.255,"1",8963,0.372531518,1031700,3339,73911,1031.7,73.911,0.0405893574704712
"250","Luton","East",1991,"1991/1992",204011,10,0.005,"1",204.011,"1",9381,0.389830508,1825000,3657,74711,1825,74.711,0.133849098526321
"251","Luton","East",1992,"1992/1993",188885,23,0.012,"1",188.885,"1",9856,0.375,2464200,3696,74877,2464.2,74.877,0.307170426165578
"252","Luton","East",1993,"1993/1994",181197,13,0.007,"1",181.197,"1",9986,0.383536952,2669500,3830,74988,2669.5,74.988,0.17336107110471
"253","Manchester","Northwest",1987,"1987/1988",1359749,92,0.007,"0",1359.749,"1",5552,0.400036023,4798400,2221,458962,4798.4,458.962,0.200452325029087
"254","Manchester","Northwest",1988,"1988/1989",1394058,111,0.008,"0",1394.058,"1",6064,0.386048813,4013000,2341,458179,4013,458.179,0.242263394874056
"255","Manchester","Northwest",1989,"1989/1990",1495574,125,0.008,"0",1495.574,"1",6729,0.368405409,3270300,2479,458989,3270.3,458.989,0.272337681295194
"256","Manchester","Northwest",1990,"1990/1991",1653204,102,0.006,"1",1653.204,"1",7535,0.3668215,2922700,2764,459327,2922.7,459.327,0.222064019750635
"257","Manchester","Northwest",1991,"1991/1992",1842979,130,0.007,"1",1842.979,"1",8015,0.373799127,3584300,2995,460372,3584.3,460.372,0.28238033590227
"258","Manchester","Northwest",1992,"1992/1993",1526889,74,0.005,"1",1526.889,"1",8441,0.338230068,4045000,2855,460155,4045,460.155,0.160815377427171
"259","Manchester","Northwest",1993,"1993/1994",1753847,124,0.007,"1",1753.847,"1",8620,0.336658933,4066000,2902,460575,4066,460.575,0.26922868153938
"260","Mansfield","East Midlands",1987,"1987/1988",90894,21,0.02,"0",90.894,"0",5812,0.203716449,2037200,1184,67151,2037.2,67.151,0.312728030855832
"261","Mansfield","East Midlands",1988,"1988/1989",92033,40,0.04,"0",92.033,"0",6271,0.202997927,1631500,1273,67586,1631.5,67.586,0.59183854644453
"262","Mansfield","East Midlands",1989,"1989/1990",71933,10,0.01,"0",71.933,"0",7055,0.197023388,1244300,1390,68020,1244.3,68.02,0.147015583651867
"263","Mansfield","East Midlands",1990,"1990/1991",50056,6,0.01,"1",50.056,"0",7757,0.18834601,1181000,1461,68309,1181,68.309,0.0878361562898008
"264","Mansfield","East Midlands",1991,"1991/1992",83666,48,0.06,"1",83.666,"0",8233,0.183772622,1686500,1513,68624,1686.5,68.624,0.699463744462579
"265","Mansfield","East Midlands",1992,"1992/1993",85789,45,0.05,"1",85.789,"0",8602,0.179958149,2068900,1548,69057,2068.9,69.057,0.651635605369477
"266","Mansfield","East Midlands",1993,"1993/1994",57082,19,0.03,"1",57.082,"0",8912,0.187387792,2171900,1670,69385,2171.9,69.385,0.273834402248325
"267","Middlesbrough","Northeast",1987,"1987/1988",321219,110,0.034,"0",321.219,"1",5207,0.203956213,2162400,1062,206684,2162.4,206.684,0.532213427260939
"268","Middlesbrough","Northeast",1988,"1988/1989",378210,86,0.023,"0",378.21,"1",5578,0.193438508,1838700,1079,206301,1838.7,206.301,0.416866617224347
"269","Middlesbrough","Northeast",1989,"1989/1990",374249,36,0.01,"0",374.249,"1",6206,0.184015469,1513900,1142,206417,1513.9,206.417,0.174404239960856
"270","Middlesbrough","Northeast",1990,"1990/1991",391252,14,0.004,"1",391.252,"1",6948,0.183218192,1334300,1273,206565,1334.3,206.565,0.0677752765473338
"271","Middlesbrough","Northeast",1991,"1991/1992",338177,31,0.009,"1",338.177,"1",7623,0.193624557,1535300,1476,206692,1535.3,206.692,0.149981615156852
"272","Middlesbrough","Northeast",1992,"1992/1993",351209,19,0.005,"1",351.209,"1",8110,0.19297164,1659200,1565,207050,1659.2,207.05,0.0917652740883844
"273","Middlesbrough","Northeast",1993,"1993/1994",239218,26,0.011,"1",239.218,"1",8317,0.191535409,1770900,1593,207221,1770.9,207.221,0.125469908937801
"274","Newcastle","Northeast",1987,"1987/1988",419742,149,0.035,"0",419.742,"1",5207,0.203956213,2162400,1062,317142,2162.4,317.142,0.469821089606549
"275","Newcastle","Northeast",1988,"1988/1989",433487,166,0.038,"0",433.487,"1",5578,0.193438508,1838700,1079,316553,1838.7,316.553,0.52439875786993
"276","Newcastle","Northeast",1989,"1989/1990",505840,215,0.043,"0",505.84,"1",6206,0.184015469,1513900,1142,316732,1513.9,316.732,0.678807319752977
"277","Newcastle","Northeast",1990,"1990/1991",387604,141,0.036,"1",387.604,"1",6948,0.183218192,1334300,1273,316959,1334.3,316.959,0.444852488807701
"278","Newcastle","Northeast",1991,"1991/1992",486397,113,0.023,"1",486.397,"1",7623,0.193624557,1535300,1476,317153,1535.3,317.153,0.356294911288873
"279","Newcastle","Northeast",1992,"1992/1993",667403,163,0.024,"1",667.403,"1",8110,0.19297164,1659200,1565,317703,1659.2,317.703,0.513057792970164
"280","Newcastle","Northeast",1993,"1993/1994",707269,82,0.012,"1",707.269,"1",8317,0.191535409,1770900,1593,317965,1770.9,317.965,0.257890019341751
"281","Northampton","East Midlands",1987,"1987/1988",126578,11,0.01,"0",126.578,"0",5812,0.203716449,2037200,1184,186317,2037.2,186.317,0.0590391644348073
"282","Northampton","East Midlands",1988,"1988/1989",91030,3,0,"0",91.03,"0",6271,0.202997927,1631500,1273,187523,1631.5,187.523,0.0159980375740576
"283","Northampton","East Midlands",1989,"1989/1990",73564,1,0,"0",73.564,"0",7055,0.197023388,1244300,1390,188727,1244.3,188.727,0.00529865890943002
"284","Northampton","East Midlands",1990,"1990/1991",76938,2,0,"1",76.938,"0",7757,0.18834601,1181000,1461,189529,1181,189.529,0.010552474819157
"285","Northampton","East Midlands",1991,"1991/1992",61355,2,0,"1",61.355,"0",8233,0.183772622,1686500,1513,190404,1686.5,190.404,0.0105039810088023
"286","Northampton","East Midlands",1992,"1992/1993",65925,6,0.01,"1",65.925,"0",8602,0.179958149,2068900,1548,191604,2068.9,191.604,0.0313145863343145
"287","Northampton","East Midlands",1993,"1993/1994",72534,12,0.02,"1",72.534,"0",8912,0.187387792,2171900,1670,192516,2171.9,192.516,0.0623324814560868
"288","Norwich","East",1987,"1987/1988",313904,32,0.01,"0",313.904,"1",6467,0.416576465,1959500,2694,64036,1959.5,64.036,0.499718908114186
"289","Norwich","East",1988,"1988/1989",318844,86,0.027,"0",318.844,"1",7334,0.396100355,1379500,2905,64650,1379.5,64.65,1.33023975251353
"290","Norwich","East",1989,"1989/1990",318052,49,0.015,"0",318.052,"1",8154,0.377483444,960300,3078,64931,960.3,64.931,0.754647240917281
"291","Norwich","East",1990,"1990/1991",293864,40,0.014,"1",293.864,"1",8963,0.372531518,1031700,3339,65322,1031.7,65.322,0.612351122133431
"292","Norwich","East",1991,"1991/1992",291011,33,0.011,"1",291.011,"1",9381,0.389830508,1825000,3657,66029,1825,66.029,0.499780399521422
"293","Norwich","East",1992,"1992/1993",339238,76,0.022,"1",339.238,"1",9856,0.375,2464200,3696,66176,2464.2,66.176,1.14845261121857
"294","Norwich","East",1993,"1993/1994",381436,70,0.018,"1",381.436,"1",9986,0.383536952,2669500,3830,66274,2669.5,66.274,1.0562211425295
"295","Nottingham","East Midlands",1987,"1987/1988",529472,186,0.035,"0",529.472,"1",5812,0.203716449,2037200,1184,250504,2037.2,250.504,0.742503113722735
"296","Nottingham","East Midlands",1988,"1988/1989",525565,115,0.022,"0",525.565,"1",6271,0.202997927,1631500,1273,252126,1631.5,252.126,0.456121145776318
"297","Nottingham","East Midlands",1989,"1989/1990",532452,130,0.024,"0",532.452,"1",7055,0.197023388,1244300,1390,253745,1244.3,253.745,0.512325366017064
"298","Nottingham","East Midlands",1990,"1990/1991",609378,196,0.032,"1",609.378,"1",7757,0.18834601,1181000,1461,254823,1181,254.823,0.769161339439532
"299","Nottingham","East Midlands",1991,"1991/1992",728864,173,0.024,"1",728.864,"1",8233,0.183772622,1686500,1513,256000,1686.5,256,0.67578125
"300","Nottingham","East Midlands",1992,"1992/1993",647577,153,0.024,"1",647.577,"1",8602,0.179958149,2068900,1548,257613,2068.9,257.613,0.59391412700446
"301","Nottingham","East Midlands",1993,"1993/1994",726894,127,0.017,"1",726.894,"1",8912,0.187387792,2171900,1670,258838,2171.9,258.838,0.490654386141138
"302","Oxford","SouthEast",1987,"1987/1988",218632,105,0.048,"0",218.632,"1",6591,0.739189804,2494000,4872,320426,2494,320.426,0.327688764332482
"303","Oxford","SouthEast",1988,"1988/1989",145788,36,0.025,"0",145.788,"1",7561,0.684962307,1726500,5179,320778,1726.5,320.778,0.11222714774704
"304","Oxford","SouthEast",1989,"1989/1990",133822,51,0.038,"0",133.822,"1",8290,0.65548854,1233800,5434,321553,1233.8,321.553,0.158605268804832
"305","Oxford","SouthEast",1990,"1990/1991",132976,29,0.022,"1",132.976,"1",9163,0.631998254,1327600,5791,323079,1327.6,323.079,0.089761327724798
"306","Oxford","SouthEast",1991,"1991/1992",130444,67,0.051,"1",130.444,"1",9565,0.656769472,2524100,6282,324424,2524.1,324.424,0.20651986289547
"307","Oxford","SouthEast",1992,"1992/1993",146199,43,0.029,"1",146.199,"1",10025,0.634713217,3478000,6363,325247,3478,325.247,0.132207214824426
"308","Oxford","SouthEast",1993,"1993/1994",158182,25,0.016,"1",158.182,"1",10422,0.625503742,3771100,6519,325995,3771.1,325.995,0.0766882927652265
"309","Peterborough","East",1987,"1987/1988",71881,15,0.02,"0",71.881,"0",6467,0.416576465,1959500,2694,55469,1959.5,55.469,0.270421316410968
"310","Peterborough","East",1988,"1988/1989",74469,14,0.02,"0",74.469,"0",7334,0.396100355,1379500,2905,56001,1379.5,56.001,0.249995535794004
"311","Peterborough","East",1989,"1989/1990",110777,12,0.01,"0",110.777,"0",8154,0.377483444,960300,3078,56244,960.3,56.244,0.213356091316407
"312","Peterborough","East",1990,"1990/1991",111124,11,0.01,"1",111.124,"0",8963,0.372531518,1031700,3339,56583,1031.7,56.583,0.194404679850839
"313","Peterborough","East",1991,"1991/1992",144425,51,0.04,"1",144.425,"0",9381,0.389830508,1825000,3657,57195,1825,57.195,0.891686336218201
"314","Peterborough","East",1992,"1992/1993",185480,91,0.05,"1",185.48,"0",9856,0.375,2464200,3696,57323,2464.2,57.323,1.58749542068629
"315","Peterborough","East",1993,"1993/1994",170477,57,0.03,"1",170.477,"0",9986,0.383536952,2669500,3830,57407,2669.5,57.407,0.992910272266448
"316","Plymouth","Southwest",1987,"1987/1988",226152,29,0.013,"0",226.152,"1",6202,0.193647211,2045700,1201,203882,2045.7,203.882,0.14223913832511
"317","Plymouth","Southwest",1988,"1988/1989",198443,19,0.01,"0",198.443,"1",6659,0.193272263,1587500,1287,205917,1587.5,205.917,0.0922701865314666
"318","Plymouth","Southwest",1989,"1989/1990",200720,22,0.011,"0",200.72,"1",7424,0.185210129,1164600,1375,206723,1164.6,206.723,0.106422604161124
"319","Plymouth","Southwest",1990,"1990/1991",162779,34,0.021,"1",162.779,"1",8220,0.181021898,1157800,1488,207373,1157.8,207.373,0.163955770519788
"320","Plymouth","Southwest",1991,"1991/1992",154991,12,0.008,"1",154.991,"1",8700,0.189310345,1913100,1647,208264,1913.1,208.264,0.0576191756616602
"321","Plymouth","Southwest",1992,"1992/1993",146668,24,0.016,"1",146.668,"1",9212,0.182045158,2471400,1677,209405,2471.4,209.405,0.114610443876698
"322","Plymouth","Southwest",1993,"1993/1994",206075,33,0.016,"1",206.075,"1",9386,0.179735777,2573200,1687,210281,2573.2,210.281,0.156932866022132
"323","Portsmouth","SouthEast",1987,"1987/1988",324780,282,0.087,"0",324.78,"1",6591,0.739189804,2494000,4872,476926,2494,476.926,0.591286698565396
"324","Portsmouth","SouthEast",1988,"1988/1989",233980,162,0.069,"0",233.98,"1",7561,0.684962307,1726500,5179,477450,1726.5,477.45,0.339302544769086
"325","Portsmouth","SouthEast",1989,"1989/1990",209644,42,0.02,"0",209.644,"1",8290,0.65548854,1233800,5434,478604,1233.8,478.604,0.0877552214356754
"326","Portsmouth","SouthEast",1990,"1990/1991",220166,90,0.041,"1",220.166,"1",9163,0.631998254,1327600,5791,480874,1327.6,480.874,0.187159214264028
"327","Portsmouth","SouthEast",1991,"1991/1992",271143,73,0.027,"1",271.143,"1",9565,0.656769472,2524100,6282,482876,2524.1,482.876,0.151177527978197
"328","Portsmouth","SouthEast",1992,"1992/1993",315245,86,0.027,"1",315.245,"1",10025,0.634713217,3478000,6363,484101,3478,484.101,0.17764887905623
"329","Portsmouth","SouthEast",1993,"1993/1994",268918,50,0.019,"1",268.918,"1",10422,0.625503742,3771100,6519,485215,3771.1,485.215,0.103047102830704
"330","Preston","Northwest",1987,"1987/1988",139998,20,0.01,"0",139.998,"0",5552,0.400036023,4798400,2221,87962,4798.4,87.962,0.227370910165753
"331","Preston","Northwest",1988,"1988/1989",163703,51,0.03,"0",163.703,"0",6064,0.386048813,4013000,2341,87811,4013,87.811,0.580792839165936
"332","Preston","Northwest",1989,"1989/1990",145189,114,0.08,"0",145.189,"0",6729,0.368405409,3270300,2479,87967,3270.3,87.967,1.29594052315073
"333","Preston","Northwest",1990,"1990/1991",104121,25,0.02,"1",104.121,"0",7535,0.3668215,2922700,2764,88031,2922.7,88.031,0.283990866853722
"334","Preston","Northwest",1991,"1991/1992",108612,223,0.21,"1",108.612,"0",8015,0.373799127,3584300,2995,88232,3584.3,88.232,2.52742769063378
"335","Preston","Northwest",1992,"1992/1993",130836,84,0.06,"1",130.836,"0",8441,0.338230068,4045000,2855,88190,4045,88.19,0.952488944324753
"336","Preston","Northwest",1993,"1993/1994",154918,56,0.04,"1",154.918,"0",8620,0.336658933,4066000,2902,88271,4066,88.271,0.634409942110093
"337","Reading","SouthEast",1987,"1987/1988",150352,20,0.01,"0",150.352,"0",6591,0.739189804,2494000,4872,438009,2494,438.009,0.0456611622135618
"338","Reading","SouthEast",1988,"1988/1989",117613,25,0.02,"0",117.613,"0",7561,0.684962307,1726500,5179,438490,1726.5,438.49,0.0570138429610709
"339","Reading","SouthEast",1989,"1989/1990",93974,21,0.02,"0",93.974,"0",8290,0.65548854,1233800,5434,439550,1233.8,439.55,0.0477761346831987
"340","Reading","SouthEast",1990,"1990/1991",94181,17,0.02,"1",94.181,"0",9163,0.631998254,1327600,5791,441635,1327.6,441.635,0.0384933259365766
"341","Reading","SouthEast",1991,"1991/1992",88350,13,0.02,"1",88.35,"0",9565,0.656769472,2524100,6282,443474,2524.1,443.474,0.0293140071345784
"342","Reading","SouthEast",1992,"1992/1993",109983,63,0.06,"1",109.983,"0",10025,0.634713217,3478000,6363,444599,3478,444.599,0.141700723573377
"343","Reading","SouthEast",1993,"1993/1994",158437,117,0.07,"1",158.437,"0",10422,0.625503742,3771100,6519,445621,3771.1,445.621,0.262554951404893
"344","Rochdale","Northwest",1987,"1987/1988",44903,32,0.07,"0",44.903,"0",5552,0.400036023,4798400,2221,96984,4798.4,96.984,0.329951332178504
"345","Rochdale","Northwest",1988,"1988/1989",45127,47,0.1,"0",45.127,"0",6064,0.386048813,4013000,2341,96818,4013,96.818,0.485446921027082
"346","Rochdale","Northwest",1989,"1989/1990",47510,28,0.06,"0",47.51,"0",6729,0.368405409,3270300,2479,96989,3270.3,96.989,0.28869253214282
"347","Rochdale","Northwest",1990,"1990/1991",39900,5,0.01,"1",39.9,"0",7535,0.3668215,2922700,2764,97061,2922.7,97.061,0.0515139963528091
"348","Rochdale","Northwest",1991,"1991/1992",58464,37,0.06,"1",58.464,"0",8015,0.373799127,3584300,2995,97281,3584.3,97.281,0.380341484976511
"349","Rochdale","Northwest",1992,"1992/1993",48561,48,0.1,"1",48.561,"0",8441,0.338230068,4045000,2855,97236,4045,97.236,0.493644329260768
"350","Rochdale","Northwest",1993,"1993/1994",55788,7,0.01,"1",55.788,"0",8620,0.336658933,4066000,2902,97324,4066,97.324,0.0719247051087091
"351","Rotherham","Yorkshire Humberside",1987,"1987/1988",84107,47,0.06,"0",84.107,"0",5614,0.293729961,3165800,1649,101285,3165.8,101.285,0.464037122969838
"352","Rotherham","Yorkshire Humberside",1988,"1988/1989",116279,31,0.03,"0",116.279,"0",6021,0.287825943,2626200,1733,101483,2626.2,101.483,0.305469881655056
"353","Rotherham","Yorkshire Humberside",1989,"1989/1990",127692,48,0.04,"0",127.692,"0",6722,0.271199048,2084700,1823,101974,2084.7,101.974,0.470708219742287
"354","Rotherham","Yorkshire Humberside",1990,"1990/1991",84539,31,0.04,"1",84.539,"0",7497,0.265839669,1918200,1993,102154,1918.2,102.154,0.303463398398496
"355","Rotherham","Yorkshire Humberside",1991,"1991/1992",104492,70,0.07,"1",104.492,"0",7989,0.278382776,2463000,2224,102467,2463,102.467,0.683146769203744
"356","Rotherham","Yorkshire Humberside",1992,"1992/1993",109681,37,0.03,"1",109.681,"0",8459,0.282657525,2803000,2391,102735,2803,102.735,0.360149900228744
"357","Rotherham","Yorkshire Humberside",1993,"1993/1994",85438,29,0.03,"1",85.438,"0",8690,0.292059839,2904400,2538,102841,2904.4,102.841,0.281988701004463
"358","Scarborough","Yorkshire Humberside",1987,"1987/1988",70504,146,0.21,"0",70.504,"0",5614,0.293729961,3165800,1649,57017,3165.8,57.017,2.56063980917972
"359","Scarborough","Yorkshire Humberside",1988,"1988/1989",66895,51,0.08,"0",66.895,"0",6021,0.287825943,2626200,1733,57129,2626.2,57.129,0.892716483747309
"360","Scarborough","Yorkshire Humberside",1989,"1989/1990",53204,31,0.06,"0",53.204,"0",6722,0.271199048,2084700,1823,57405,2084.7,57.405,0.540022646110966
"361","Scarborough","Yorkshire Humberside",1990,"1990/1991",31161,0,0,"1",31.161,"0",7497,0.265839669,1918200,1993,57506,1918.2,57.506,0
"362","Scarborough","Yorkshire Humberside",1991,"1991/1992",36885,7,0.02,"1",36.885,"0",7989,0.278382776,2463000,2224,57682,2463,57.682,0.121355015429423
"363","Scarborough","Yorkshire Humberside",1992,"1992/1993",40503,26,0.06,"1",40.503,"0",8459,0.282657525,2803000,2391,57833,2803,57.833,0.449570314526309
"364","Scarborough","Yorkshire Humberside",1993,"1993/1994",35302,20,0.06,"1",35.302,"0",8690,0.292059839,2904400,2538,57893,2904.4,57.893,0.345464909401828
"365","Scunthorpe","Yorkshire Humberside",1987,"1987/1988",74405,46,0.06,"0",74.405,"0",5614,0.293729961,3165800,1649,73848,3165.8,73.848,0.622901094139313
"366","Scunthorpe","Yorkshire Humberside",1988,"1988/1989",104588,55,0.05,"0",104.588,"0",6021,0.287825943,2626200,1733,73993,2626.2,73.993,0.743313556687795
"367","Scunthorpe","Yorkshire Humberside",1989,"1989/1990",81007,15,0.02,"0",81.007,"0",6722,0.271199048,2084700,1823,74351,2084.7,74.351,0.201745773426047
"368","Scunthorpe","Yorkshire Humberside",1990,"1990/1991",62458,6,0.01,"1",62.458,"0",7497,0.265839669,1918200,1993,74482,1918.2,74.482,0.0805563760371633
"369","Scunthorpe","Yorkshire Humberside",1991,"1991/1992",70168,3,0,"1",70.168,"0",7989,0.278382776,2463000,2224,74710,2463,74.71,0.0401552670325258
"370","Scunthorpe","Yorkshire Humberside",1992,"1992/1993",66077,13,0.02,"1",66.077,"0",8459,0.282657525,2803000,2391,74906,2803,74.906,0.173550850399167
"371","Scunthorpe","Yorkshire Humberside",1993,"1993/1994",66816,5,0.01,"1",66.816,"0",8690,0.292059839,2904400,2538,74983,2904.4,74.983,0.0666817812037395
"372","Sheffield","Yorkshire Humberside",1987,"1987/1988",619479,150,0.024,"0",619.479,"1",5614,0.293729961,3165800,1649,478386,3165.8,478.386,0.313554326422596
"373","Sheffield","Yorkshire Humberside",1988,"1988/1989",661122,130,0.02,"0",661.122,"1",6021,0.287825943,2626200,1733,479323,2626.2,479.323,0.271215860703534
"374","Sheffield","Yorkshire Humberside",1989,"1989/1990",786292,184,0.023,"0",786.292,"1",6722,0.271199048,2084700,1823,481642,2084.7,481.642,0.382026484401277
"375","Sheffield","Yorkshire Humberside",1990,"1990/1991",1015872,155,0.015,"1",1015.872,"1",7497,0.265839669,1918200,1993,482492,1918.2,482.492,0.321248849721861
"376","Sheffield","Yorkshire Humberside",1991,"1991/1992",1084778,254,0.023,"1",1084.778,"1",7989,0.278382776,2463000,2224,483969,2463,483.969,0.524827003382448
"377","Sheffield","Yorkshire Humberside",1992,"1992/1993",967351,141,0.015,"1",967.351,"1",8459,0.282657525,2803000,2391,485237,2803,485.237,0.290579654890291
"378","Sheffield","Yorkshire Humberside",1993,"1993/1994",981807,154,0.016,"1",981.807,"1",8690,0.292059839,2904400,2538,485738,2904.4,485.738,0.317043344354364
"379","Shrewsbury","West Midlands",1987,"1987/1988",108202,68,0.06,"0",108.202,"0",5442,0.286659316,3475800,1560,66488,3475.8,66.488,1.02274094573457
"380","Shrewsbury","West Midlands",1988,"1988/1989",108100,37,0.03,"0",108.1,"0",5992,0.276368491,2734300,1656,66609,2734.3,66.609,0.55548049062439
"381","Shrewsbury","West Midlands",1989,"1989/1990",81283,18,0.02,"0",81.283,"0",6683,0.25497531,1999800,1704,66732,1999.8,66.732,0.269735659054127
"382","Shrewsbury","West Midlands",1990,"1990/1991",61695,23,0.04,"1",61.695,"0",7500,0.251866667,1818500,1889,66793,1818.5,66.793,0.344347461560343
"383","Shrewsbury","West Midlands",1991,"1991/1992",79483,38,0.05,"1",79.483,"0",8026,0.261649639,2600700,2100,66938,2600.7,66.938,0.56768950371986
"384","Shrewsbury","West Midlands",1992,"1992/1993",71641,74,0.1,"1",71.641,"0",8500,0.238235294,3208900,2025,67036,3208.9,67.036,1.10388447998091
"385","Shrewsbury","West Midlands",1993,"1993/1994",92435,162,0.18,"1",92.435,"0",8685,0.226137018,3341400,1964,67146,3341.4,67.146,2.41265302475203
"386","Southampton","SouthEast",1987,"1987/1988",290617,208,0.072,"0",290.617,"1",6591,0.739189804,2494000,4872,507997,2494,507.997,0.409451236916753
"387","Southampton","SouthEast",1988,"1988/1989",296047,146,0.049,"0",296.047,"1",7561,0.684962307,1726500,5179,508555,1726.5,508.555,0.287087925593102
"388","Southampton","SouthEast",1989,"1989/1990",313222,73,0.023,"0",313.222,"1",8290,0.65548854,1233800,5434,509784,1233.8,509.784,0.143197903425765
"389","Southampton","SouthEast",1990,"1990/1991",320323,47,0.015,"1",320.323,"1",9163,0.631998254,1327600,5791,512202,1327.6,512.202,0.0917606725471591
"390","Southampton","SouthEast",1991,"1991/1992",295468,61,0.021,"1",295.468,"1",9565,0.656769472,2524100,6282,514335,2524.1,514.335,0.118599745302186
"391","Southampton","SouthEast",1992,"1992/1993",323017,56,0.017,"1",323.017,"1",10025,0.634713217,3478000,6363,515639,3478,515.639,0.108603111867023
"392","Southampton","SouthEast",1993,"1993/1994",309765,61,0.02,"1",309.765,"1",10422,0.625503742,3771100,6519,516825,3771.1,516.825,0.118028346151986
"393","Southend On Sea","East",1987,"1987/1988",79320,3,0,"0",79.32,"0",6467,0.416576465,1959500,2694,60216,1959.5,60.216,0.049820645675568
"394","Southend On Sea","East",1988,"1988/1989",84479,30,0.04,"0",84.479,"0",7334,0.396100355,1379500,2905,60794,1379.5,60.794,0.493469750304306
"395","Southend On Sea","East",1989,"1989/1990",83880,10,0.01,"0",83.88,"0",8154,0.377483444,960300,3078,61058,960.3,61.058,0.163778702217564
"396","Southend On Sea","East",1990,"1990/1991",131608,15,0.01,"1",131.608,"0",8963,0.372531518,1031700,3339,61426,1031.7,61.426,0.244196268681015
"397","Southend On Sea","East",1991,"1991/1992",154868,52,0.03,"1",154.868,"0",9381,0.389830508,1825000,3657,62090,1825,62.09,0.837493960380093
"398","Southend On Sea","East",1992,"1992/1993",124118,44,0.04,"1",124.118,"0",9856,0.375,2464200,3696,62229,2464.2,62.229,0.707065837471275
"399","Southend On Sea","East",1993,"1993/1994",140404,24,0.02,"1",140.404,"0",9986,0.383536952,2669500,3830,62321,2669.5,62.321,0.385102934805282
"400","Stockport","Northwest",1987,"1987/1988",52154,17,0.03,"0",52.154,"0",5552,0.400036023,4798400,2221,95143,4798.4,95.143,0.178678410392777
"401","Stockport","Northwest",1988,"1988/1989",64061,53,0.08,"0",64.061,"0",6064,0.386048813,4013000,2341,94981,4013,94.981,0.558006338109727
"402","Stockport","Northwest",1989,"1989/1990",89758,25,0.03,"0",89.758,"0",6729,0.368405409,3270300,2479,95149,3270.3,95.149,0.262745798694679
"403","Stockport","Northwest",1990,"1990/1991",74898,14,0.02,"1",74.898,"0",7535,0.3668215,2922700,2764,95219,2922.7,95.219,0.147029479410622
"404","Stockport","Northwest",1991,"1991/1992",112599,59,0.05,"1",112.599,"0",8015,0.373799127,3584300,2995,95435,3584.3,95.435,0.618221826373972
"405","Stockport","Northwest",1992,"1992/1993",126585,85,0.07,"1",126.585,"0",8441,0.338230068,4045000,2855,95391,4045,95.391,0.89106938809741
"406","Stockport","Northwest",1993,"1993/1994",117081,13,0.01,"1",117.081,"0",8620,0.336658933,4066000,2902,95477,4066,95.477,0.136158446536862
"407","Stoke on Trent","West Midlands",1987,"1987/1988",211234,57,0.027,"0",211.234,"1",5442,0.286659316,3475800,1560,250995,3475.8,250.995,0.22709615729397
"408","Stoke on Trent","West Midlands",1988,"1988/1989",214979,44,0.02,"0",214.979,"1",5992,0.276368491,2734300,1656,251451,2734.3,251.451,0.174984390596975
"409","Stoke on Trent","West Midlands",1989,"1989/1990",286368,49,0.017,"0",286.368,"1",6683,0.25497531,1999800,1704,251915,1999.8,251.915,0.194510052994065
"410","Stoke on Trent","West Midlands",1990,"1990/1991",240377,38,0.016,"1",240.377,"1",7500,0.251866667,1818500,1889,252147,1818.5,252.147,0.150705739112502
"411","Stoke on Trent","West Midlands",1991,"1991/1992",299150,34,0.011,"1",299.15,"1",8026,0.261649639,2600700,2100,252693,2600.7,252.693,0.134550620713672
"412","Stoke on Trent","West Midlands",1992,"1992/1993",381314,56,0.015,"1",381.314,"1",8500,0.238235294,3208900,2025,253064,3208.9,253.064,0.221287895552113
"413","Stoke on Trent","West Midlands",1993,"1993/1994",366419,89,0.024,"1",366.419,"1",8685,0.226137018,3341400,1964,253477,3341.4,253.477,0.351116669362506
"414","Sunderland","Northeast",1987,"1987/1988",400760,80,0.02,"0",400.76,"1",5207,0.203956213,2162400,1062,206195,2162.4,206.195,0.387982249812071
"415","Sunderland","Northeast",1988,"1988/1989",342217,49,0.014,"0",342.217,"1",5578,0.193438508,1838700,1079,205812,1838.7,205.812,0.238081355800439
"416","Sunderland","Northeast",1989,"1989/1990",401098,85,0.021,"0",401.098,"1",6206,0.184015469,1513900,1142,205928,1513.9,205.928,0.412765626821025
"417","Sunderland","Northeast",1990,"1990/1991",426893,104,0.024,"1",426.893,"1",6948,0.183218192,1334300,1273,206076,1334.3,206.076,0.504668180671209
"418","Sunderland","Northeast",1991,"1991/1992",422960,57,0.013,"1",422.96,"1",7623,0.193624557,1535300,1476,206202,1535.3,206.202,0.276427968690895
"419","Sunderland","Northeast",1992,"1992/1993",396924,118,0.03,"1",396.924,"1",8110,0.19297164,1659200,1565,206560,1659.2,206.56,0.571262587141751
"420","Sunderland","Northeast",1993,"1993/1994",389493,54,0.014,"1",389.493,"1",8317,0.191535409,1770900,1593,206730,1770.9,206.73,0.261210274270788
"421","Swansea","Wales",1987,"1987/1988",100957,10,0.01,"0",100.957,"0",5213,0.1705352,1760400,889,165355,1760.4,165.355,0.0604759456926008
"422","Swansea","Wales",1988,"1988/1989",112895,51,0.05,"0",112.895,"0",5662,0.164959378,1472600,934,166448,1472.6,166.448,0.306401999423243
"423","Swansea","Wales",1989,"1989/1990",88396,48,0.05,"0",88.396,"0",6380,0.153605016,1142500,980,167266,1142.5,167.266,0.286968062846006
"424","Swansea","Wales",1990,"1990/1991",77836,17,0.02,"1",77.836,"0",7140,0.148739496,1027400,1062,167637,1027.4,167.637,0.101409593347531
"425","Swansea","Wales",1991,"1991/1992",77452,24,0.03,"1",77.452,"0",7634,0.152475766,1344800,1164,168310,1344.8,168.31,0.142594022933872
"426","Swansea","Wales",1992,"1992/1993",119575,23,0.02,"1",119.575,"0",8099,0.148289912,1507800,1201,168584,1507.8,168.584,0.136430503487875
"427","Swansea","Wales",1993,"1993/1994",81281,9,0.01,"1",81.281,"0",8178,0.151993152,1552500,1243,168928,1552.5,168.928,0.0532771358211783
"428","Swindon","Southwest",1987,"1987/1988",209800,67,0.032,"0",209.8,"1",6202,0.193647211,2045700,1201,158295,2045.7,158.295,0.423260368299694
"429","Swindon","Southwest",1988,"1988/1989",198881,44,0.022,"0",198.881,"1",6659,0.193272263,1587500,1287,159875,1587.5,159.875,0.275215011727912
"430","Swindon","Southwest",1989,"1989/1990",216463,30,0.014,"0",216.463,"1",7424,0.185210129,1164600,1375,160500,1164.6,160.5,0.186915887850467
"431","Swindon","Southwest",1990,"1990/1991",216248,32,0.015,"1",216.248,"1",8220,0.181021898,1157800,1488,161006,1157.8,161.006,0.198750357129548
"432","Swindon","Southwest",1991,"1991/1992",230218,35,0.015,"1",230.218,"1",8700,0.189310345,1913100,1647,161697,1913.1,161.697,0.216454232298682
"433","Swindon","Southwest",1992,"1992/1993",255519,35,0.014,"1",255.519,"1",9212,0.182045158,2471400,1677,162583,2471.4,162.583,0.21527465971227
"434","Swindon","Southwest",1993,"1993/1994",320761,31,0.01,"1",320.761,"1",9386,0.179735777,2573200,1687,163263,2573.2,163.263,0.189877682022259
"435","Torquay","Southwest",1987,"1987/1988",67434,21,0.03,"0",67.434,"0",6202,0.193647211,2045700,1201,42596,2045.7,42.596,0.493004037937835
"436","Torquay","Southwest",1988,"1988/1989",53852,16,0.03,"0",53.852,"0",6659,0.193272263,1587500,1287,43022,1587.5,43.022,0.371902747431547
"437","Torquay","Southwest",1989,"1989/1990",49484,27,0.06,"0",49.484,"0",7424,0.185210129,1164600,1375,43190,1164.6,43.19,0.625144709423478
"438","Torquay","Southwest",1990,"1990/1991",65038,3,0.01,"1",65.038,"0",8220,0.181021898,1157800,1488,43326,1157.8,43.326,0.0692424871901399
"439","Torquay","Southwest",1991,"1991/1992",62886,49,0.08,"1",62.886,"0",8700,0.189310345,1913100,1647,43512,1913.1,43.512,1.12612612612613
"440","Torquay","Southwest",1992,"1992/1993",56605,66,0.12,"1",56.605,"0",9212,0.182045158,2471400,1677,43750,2471.4,43.75,1.50857142857143
"441","Torquay","Southwest",1993,"1993/1994",72167,2,0,"1",72.167,"0",9386,0.179735777,2573200,1687,43933,2573.2,43.933,0.0455238658866911
"442","Tranmere","Northwest",1987,"1987/1988",76847,53,0.07,"0",76.847,"0",5552,0.400036023,4798400,2221,128473,4798.4,128.473,0.412538043012929
"443","Tranmere","Northwest",1988,"1988/1989",121830,20,0.02,"0",121.83,"0",6064,0.386048813,4013000,2341,128253,4013,128.253,0.155941771342581
"444","Tranmere","Northwest",1989,"1989/1990",171200,27,0.02,"0",171.2,"0",6729,0.368405409,3270300,2479,128480,3270.3,128.48,0.210149439601494
"445","Tranmere","Northwest",1990,"1990/1991",141898,13,0.01,"1",141.898,"0",7535,0.3668215,2922700,2764,128575,2922.7,128.575,0.101108302547151
"446","Tranmere","Northwest",1991,"1991/1992",203445,80,0.04,"1",203.445,"0",8015,0.373799127,3584300,2995,128867,3584.3,128.867,0.62079508330294
"447","Tranmere","Northwest",1992,"1992/1993",185644,45,0.02,"1",185.644,"0",8441,0.338230068,4045000,2855,128807,4045,128.807,0.34935989503676
"448","Tranmere","Northwest",1993,"1993/1994",186278,94,0.05,"1",186.278,"0",8620,0.336658933,4066000,2902,128924,4066,128.924,0.729111724737054
"449","Walsall","West Midlands",1987,"1987/1988",128153,47,0.04,"0",128.153,"0",5442,0.286659316,3475800,1560,62668,3475.8,62.668,0.749984042892704
"450","Walsall","West Midlands",1988,"1988/1989",140495,148,0.11,"0",140.495,"0",5992,0.276368491,2734300,1656,62782,2734.3,62.782,2.35736357554713
"451","Walsall","West Midlands",1989,"1989/1990",93765,55,0.06,"0",93.765,"0",6683,0.25497531,1999800,1704,62897,1999.8,62.897,0.874445522043977
"452","Walsall","West Midlands",1990,"1990/1991",95188,35,0.04,"1",95.188,"0",7500,0.251866667,1818500,1889,62955,1818.5,62.955,0.5559526646017
"453","Walsall","West Midlands",1991,"1991/1992",74075,40,0.05,"1",74.075,"0",8026,0.261649639,2600700,2100,63091,2600.7,63.091,0.634004850137104
"454","Walsall","West Midlands",1992,"1992/1993",76191,17,0.02,"1",76.191,"0",8500,0.238235294,3208900,2025,63184,3208.9,63.184,0.269055457077741
"455","Walsall","West Midlands",1993,"1993/1994",88977,10,0.01,"1",88.977,"0",8685,0.226137018,3341400,1964,63287,3341.4,63.287,0.158010333875835
"456","Watford","East",1987,"1987/1988",291464,43,0.015,"0",291.464,"1",6467,0.416576465,1959500,2694,45273,1959.5,45.273,0.949793475139708
"457","Watford","East",1988,"1988/1989",279446,44,0.016,"0",279.446,"1",7334,0.396100355,1379500,2905,45707,1379.5,45.707,0.962653422889273
"458","Watford","East",1989,"1989/1990",238074,40,0.017,"0",238.074,"1",8154,0.377483444,960300,3078,45905,960.3,45.905,0.871364775078967
"459","Watford","East",1990,"1990/1991",220362,22,0.01,"1",220.362,"1",8963,0.372531518,1031700,3339,46182,1031.7,46.182,0.476376077259538
"460","Watford","East",1991,"1991/1992",195751,10,0.005,"1",195.751,"1",9381,0.389830508,1825000,3657,46682,1825,46.682,0.214215329248961
"461","Watford","East",1992,"1992/1993",190329,19,0.01,"1",190.329,"1",9856,0.375,2464200,3696,46786,2464.2,46.786,0.406104390202197
"462","Watford","East",1993,"1993/1994",181607,20,0.011,"1",181.607,"1",9986,0.383536952,2669500,3830,46855,2669.5,46.855,0.426848788816562
"463","Wigan","Northwest",1987,"1987/1988",86776,4,0.01,"0",86.776,"0",5552,0.400036023,4798400,2221,93103,4798.4,93.103,0.0429631698226695
"464","Wigan","Northwest",1988,"1988/1989",72263,4,0.01,"0",72.263,"0",6064,0.386048813,4013000,2341,92944,4013,92.944,0.0430366672404889
"465","Wigan","Northwest",1989,"1989/1990",63486,14,0.02,"0",63.486,"0",6729,0.368405409,3270300,2479,93109,3270.3,93.109,0.150361404375517
"466","Wigan","Northwest",1990,"1990/1991",52337,8,0.02,"1",52.337,"0",7535,0.3668215,2922700,2764,93177,2922.7,93.177,0.0858580980284834
"467","Wigan","Northwest",1991,"1991/1992",65817,14,0.02,"1",65.817,"0",8015,0.373799127,3584300,2995,93389,3584.3,93.389,0.149910589041536
"468","Wigan","Northwest",1992,"1992/1993",59757,17,0.03,"1",59.757,"0",8441,0.338230068,4045000,2855,93345,4045,93.345,0.182120092131341
"469","Wigan","Northwest",1993,"1993/1994",39844,17,0.04,"1",39.844,"0",8620,0.336658933,4066000,2902,93430,4066,93.43,0.181954404366906
"470","Wolverhampton","West Midlands",1987,"1987/1988",226964,132,0.058,"0",226.964,"1",5442,0.286659316,3475800,1560,245852,3475.8,245.852,0.536908383905764
"471","Wolverhampton","West Midlands",1988,"1988/1989",330699,192,0.058,"0",330.699,"1",5992,0.276368491,2734300,1656,246298,2734.3,246.298,0.779543479849613
"472","Wolverhampton","West Midlands",1989,"1989/1990",392031,322,0.082,"0",392.031,"1",6683,0.25497531,1999800,1704,246752,1999.8,246.752,1.30495396187265
"473","Wolverhampton","West Midlands",1990,"1990/1991",369902,195,0.053,"1",369.902,"1",7500,0.251866667,1818500,1889,246980,1818.5,246.98,0.789537614381731
"474","Wolverhampton","West Midlands",1991,"1991/1992",316087,119,0.038,"1",316.087,"1",8026,0.261649639,2600700,2100,247514,2600.7,247.514,0.48078088512165
"475","Wolverhampton","West Midlands",1992,"1992/1993",312762,84,0.027,"1",312.762,"1",8500,0.238235294,3208900,2025,247877,3208.9,247.877,0.338877749851741
"476","Wolverhampton","West Midlands",1993,"1993/1994",505190,119,0.024,"1",505.19,"1",8685,0.226137018,3341400,1964,248282,3341.4,248.282,0.479293706350037
"477","Wrexham","Wales",1987,"1987/1988",51539,17,0.03,"0",51.539,"0",5213,0.1705352,1760400,889,56753,1760.4,56.753,0.299543636459747
"478","Wrexham","Wales",1988,"1988/1989",61051,12,0.02,"0",61.051,"0",5662,0.164959378,1472600,934,57129,1472.6,57.129,0.210050937352308
"479","Wrexham","Wales",1989,"1989/1990",54974,3,0.01,"0",54.974,"0",6380,0.153605016,1142500,980,57409,1142.5,57.409,0.0522566148164922
"480","Wrexham","Wales",1990,"1990/1991",36204,2,0.01,"1",36.204,"0",7140,0.148739496,1027400,1062,57536,1027.4,57.536,0.0347608453837597
"481","Wrexham","Wales",1991,"1991/1992",57371,4,0.01,"1",57.371,"0",7634,0.152475766,1344800,1164,57767,1344.8,57.767,0.0692436858413973
"482","Wrexham","Wales",1992,"1992/1993",104722,35,0.03,"1",104.722,"0",8099,0.148289912,1507800,1201,57861,1507.8,57.861,0.604897945075267
"483","Wrexham","Wales",1993,"1993/1994",91098,48,0.05,"1",91.098,"0",8178,0.151993152,1552500,1243,57980,1552.5,57.98,0.827871679889617
"484","York","Yorkshire Humberside",1987,"1987/1988",62902,62,0.1,"0",62.902,"0",5614,0.293729961,3165800,1649,141128,3165.8,141.128,0.439317499007993
"485","York","Yorkshire Humberside",1988,"1988/1989",59119,132,0.22,"0",59.119,"0",6021,0.287825943,2626200,1733,141404,2626.2,141.404,0.933495516392747
"486","York","Yorkshire Humberside",1989,"1989/1990",59395,39,0.07,"0",59.395,"0",6722,0.271199048,2084700,1823,142089,2084.7,142.089,0.274475856681376
"487","York","Yorkshire Humberside",1990,"1990/1991",57543,16,0.03,"1",57.543,"0",7497,0.265839669,1918200,1993,142339,1918.2,142.339,0.11240770273783
"488","York","Yorkshire Humberside",1991,"1991/1992",55139,11,0.02,"1",55.139,"0",7989,0.278382776,2463000,2224,142775,2463,142.775,0.0770443004727718
"489","York","Yorkshire Humberside",1992,"1992/1993",82859,23,0.03,"1",82.859,"0",8459,0.282657525,2803000,2391,143149,2803,143.149,0.160671747619613
"490","York","Yorkshire Humberside",1993,"1993/1994",106160,55,0.05,"1",106.16,"0",8690,0.292059839,2904400,2538,143297,2904.4,143.297,0.383818223689261
